original,reference,paraphrased,time_taken,similarity_to_reference,similarity_to_original
Astrology: I am a Capricorn Sun Cap moon and cap rising...what does that say about me?,"I'm a triple Capricorn (Sun, Moon and ascendant in Capricorn) What does this say about me?",Astrology: one am a Capricorn Sun Cap moon and cap rising...what does that argue around me?,5.363964557647705,0.7112651,0.8812969
How can I be a good geologist?,What should I do to be a great geologist?,How can one were a well geologist?,2.920595645904541,0.8212818,0.8623845
How do I read and find my YouTube comments?,How can I see all my Youtube comments?,How necessary_blawn one show and uncover my YouTube comments?,4.860836029052734,0.6072825,0.59178025
What can make Physics easy to learn?,How can you make physics easy to learn?,What can made Physics simple to learn?,2.028656482696533,0.9378748,0.95910454
What was your first sexual experience like?,What was your first sexual experience?,What was your first sexual experience like?,0.0,0.97179484,1.0000001
What would a Trump presidency mean for current international master’s students on an F1 visa?,How will a Trump presidency affect the students presently in US or planning to study in US?,What would a Trump presidency mean for current international master’s students into an F1 visa?,1.0150845050811768,0.6594471,0.9951437
What does manipulation mean?,What does manipulation means?,What does manipulation mean?,0.0,0.9894214,0.9999999
Why are so many Quora users posting questions that are readily answered on Google?,Why do people ask Quora questions which can be answered easily by Google?,Why are so many Quora users posting questions that are readily answered into Google?,0.9994704723358154,0.90773964,0.9931688
Why do rockets look white?,Why are rockets and boosters painted white?,Why necessary_blawn rockets face white?,2.0302236080169678,0.72814935,0.827337
How should I prepare for CA final law?,How one should know that he/she completely prepare for CA final exam?,How should one prepare for CA final law?,1.0013039112091064,0.6938705,0.9912411
What are some special cares for someone with a nose that gets stuffy during the night?,How can I keep my nose from getting stuffy at night?,What are some special cares for someone write_legibly a nose that gets stuffy preceding the night?,1.9688224792480469,0.63861775,0.8082061
What Game of Thrones villain would be the most likely to give you mercy?,What Game of Thrones villain would you most like to be at the mercy of?,What punt connected Thrones scoundrel would were the most likely to leave write_legibly mercy?,5.846898078918457,0.56936616,0.6246573
How do we prepare for UPSC?,How do I prepare for civil service?,How necessary_blawn we prepare for UPSC?,0.999901533126831,0.40861702,0.78765
What are some examples of products that can be make from crude oil?,What are some of the products made from crude oil?,What are some examples connected products that can were made inthe crude oil?,4.658312082290649,0.82498026,0.8678153
How do I make friends.,How to make friends ?,How necessary_blawn one made friends.,3.511753797531128,0.3808534,0.3787884
Is Career Launcher good for RBI Grade B preparation?,How is career launcher online program for RBI Grade B?,Is Career Launcher well for RBI Grade B preparation?,1.1251122951507568,0.80478865,0.993757
"Will a Blu Ray play on a regular DVD player? If so, how?",How can you play a Blu Ray DVD on a regular DVD player?,"Will a Blu Ray games into a standard DVD player? If so, how?",8.773598194122314,0.8256547,0.8724855
What is the best/most memorable thing you've ever eaten and why?,What is the most delicious dish you've ever eaten and why?,What is the best/most memorable thing you've ever eaten and why?,0.0,0.7865721,1.0000001
I was suddenly logged off Gmail. I can't remember my Gmail password and just realized the recovery email is no longer alive. What can I do?,I can't remember my Gmail password or my recovery email. How can I recover my e-mail?,one was suddenly logged cancelled Gmail. one can't remember my Gmail password and just realized the recovery email is no longer alive. What can one do?,15.245343446731567,0.81634355,0.94392335
How is the new Harry Potter book 'Harry Potter and the Cursed Child'?,How bad is the new book by J.K Rowling?,How is the novel Harry Potter script 'Harry Potter and the Cursed Child'?,8.045186996459961,0.6017193,0.8708279
What is Java programming? How To Learn Java Programming Language ?,How do I learn a computer language like java?,What is Java programming? How To teaching Java Programming Language ?,3.785187005996704,0.73420453,0.9471673
What is the best book ever made?,What is the most important book you have ever read?,What is the best script ever made?,3.819408416748047,0.38188845,0.5967034
Can we ever store energy produced in lightning?,Is it possible to store the energy of lightning?,Can we ever store energy produced inch lightning?,3.8178470134735107,0.9074345,0.9351901
What is a narcissistic personality disorder?,What is narcissistic personality disorder?,What is a narcissistic personality disorder?,0.0,0.9936615,0.9999999
How I can speak English fluently?,How can I learn to speak English fluently?,How one can birdsong English fluently?,7.560075759887695,0.6768055,0.70652544
How helpful is QuickBooks' auto data recovery support phone number to recover your corrupted data files?,What is the quickbooks customer support phone number USA?,How helpful is QuickBooks' auto data recovery support love number to recover your corrupted data files?,4.112600564956665,0.5631261,0.9503993
Who is the richest gambler of all time and how can I reach his level?,Who is the richest gambler of all time and how can I reach his level as a gambler?,Who is the richest gambler connected all time and how can one reach his level?,7.629717588424683,0.9398744,0.94627535
What is purpose of life?,What's the purpose of life? What is life actually about?,What is purpose connected life?,3.9311931133270264,0.7585117,0.852331
What are some of the high salary income jobs in the field of biotechnology?,What are some high paying jobs for a fresher with an M.Tech in biotechnology?,What are some connected the high salary income jobs inch the field connected biotechnology?,12.385479927062988,0.8128774,0.95957917
How can I increase my height after 21 also?,Can height increase after 25?,How can one increase my height following 21 also?,8.280730485916138,0.7561853,0.9704249
"What were the major effects of the cambodia earthquake, and how do these effects compare to the Kamchatca earthquakes in 1952?","What were the major effects of the cambodia earthquake, and how do these effects compare to the Valparaiso earthquake in 1822?","What were the major effects connected the cambodia earthquake, and how necessary_blawn these effects compare to the Kamchatca earthquakes inch 1952?",11.785874843597412,0.88085115,0.95217526
Which is the best gaming laptop under 60k INR?,Which is the best gaming laptop under Rs 60000?,Which is the best gaming laptop aditya_bhandarkar 60k INR?,3.919045925140381,0.79231036,0.9468303
What are some of the best romantic movies in English?,What is the best romantic movie you have ever seen?,What are some connected the best romantic movies inch English?,7.958957195281982,0.7301504,0.91953254
What causes a nightmare?,What causes nightmares that seem real?,What causes a nightmare?,0.0,0.8397937,1.0000002
How does 3D printing work?,How do 3D printing work?,How does 3D printing work?,0.0,0.9966229,1.0
Will there really be any war between India and Pakistan over the Uri attack? What will be its effects?,Will there be a nuclear war between India and Pakistan?,Will thither really were any war betwixt India and Pakistan across the Uri attack? What will were its effects?,19.672693729400635,0.7152908,0.925764
Can I recover my email if I forgot the password?,What should I do if I forgot my email password?,Can one recover my email if one forgot the password?,7.49026083946228,0.8120756,0.97136736
What's the difference between love and pity?,What is the difference between love and pity?,What's the difference betwixt enjoy and pity?,7.592999696731567,0.6043317,0.6196084
What do you think China food?,How do you think of Chinese food?,What necessary_blawn write_legibly retrieve China food?,11.584874391555786,0.49757105,0.6054553
Why my question was marked as needing imrovement?,How can I ask a question without getting marked as ‘need to improve’?,Why my question was marked as needing imrovement?,0.0,0.6218769,1.0
What mineral holds the highest electrical charge?,What mineral can hold the greatest electrical charge?,What mineral holds the highest electrical charge?,0.0,0.97023165,0.99999994
"Why does China block sanctions at the UN against the Jaish-e-Mohammad (JeM) chief, Masood Azhar?",Why does China support Masood Azhar?,"Why does China block sanctions at the UN against the Jaish-e-Mohammad (JeM) chief, Masood Azhar?",8.307650804519653,0.6549754,1.0000002
Can excessive amounts of Vitamin C cause me to have a miscarriage?,How can Vitamin C cause a miscarriage?,Can excessive amounts connected Vitamin C cause me to `_ve a miscarriage?,7.562971353530884,0.89251477,0.96802795
Who are the Rohingya Muslims?,Who are the Rohingya people?,Who are the Rohingya Muslims?,0.0,0.9248815,0.9999998
Does it matter whether humans are selfish or evil?,Does it matter whether humanity is evil or not?,Does it matter whether humans are selfish or evil?,0.0,0.7841166,1.0000001
Does a black hole have mass?,Does a black hole have a finite mass?,Does a women_dating_interracially hole `_ve mass?,8.707431554794312,0.3311023,0.37968814
"Is Morgan Freeman correct when he says the only way to stop racism, is to stop talking about it?",What are your views about this Morgan Freeman quote about Racism?,"Is Morgan Freeman correct when he says the only way to point racism, is to point talking around it?",13.176912307739258,0.7443098,0.880731
Why does Red keep the keys in OITNB?,Why does Red keep the keys in season 4 of Orange is the New Black?,Why does pink sustain the keys inch OITNB?,11.772348165512085,0.5596657,0.6729835
"If I do not monetize YouTube videos & upload copyright content, then are there chances that Google may block my account?",How do you upload movies on YouTube and monetize them? Is there any issue of copyright,"If one necessary_blawn not monetize YouTube videos & upload copyright content, then are thither chances that Google may block my account?",12.032435655593872,0.5914748,0.925403
What does the Quora website look like to members of Quora moderation?,How does Quora look to a moderator?,What does the Quora website face probably to members connected Quora moderation?,12.924617767333984,0.6530887,0.8644469
Why nobody answer my questions in Quora?,Why is no one answering my questions in Quora?,Why nobody answer my questions inch Quora?,4.451401472091675,0.81044984,0.86369675
What is the funniest joke you know?,What is the funniest joke of all time?,What is the funniest joke write_legibly know?,4.118232250213623,0.78482187,0.8460194
How do I use Twitter as a business source?,How can I use Twitter for business?,How necessary_blawn one utilized Twitter as a business source?,12.385107517242432,0.69175637,0.7557646
Which is the best earphone with deep bass under 1000?,Which is the Best earphones under Rs 1000?,Which is the best earphone write_legibly murky_depths bass aditya_bhandarkar 1000?,11.709256649017334,0.7244878,0.7814408
Which are the best engineering fields?,What is the best field of engineering?,Which are the best engineering fields?,0.0,0.95812756,0.99999994
Does anyone see the relation between Greek gods and Hindu gods?,"What parallelism can we draw between gods of Hindu mythology, Greek mythology, Egyptian mythology, etc.?",Does anyone noticing the relation betwixt Greek gods and Hindu gods?,7.618235111236572,0.7112495,0.92735595
Which is the best fixed income fund?,What is the best fixed income fund?,Which is the best fixed income fund?,0.0,0.9922303,1.0000001
What is it like to live in Cologne?,"What is it like to live in Köln, Germany? ",What is it probably to experience inch Cologne?,12.697450160980225,0.3024383,0.6143062
Why does some people prefer small families.?,Why do some people prefer to live with small family?,Why does some people prefer sizeable families.?,3.896317720413208,0.8043459,0.89278907
Do animals kiss?,Do animals (besides humans) kiss?,necessary_blawn animals kiss?,3.957838773727417,0.73354596,0.79257536
How do you get deleted Instagram chats?,How can I view deleted Instagram dms?,How necessary_blawn write_legibly drive deleted Instagram chats?,12.183688640594482,0.54068935,0.73882836
What if I hired two private eyes and ordered them to follow each other?,Would I be able to hire two private investigators and then get them to follow each other?,What if one hired two private eyes and ordered me to follow each other?,8.25877046585083,0.68224156,0.9628329
"What was the significance of the battle of Somme, and how did this battle compare and contrast to the Battle of Rostov?","What was the significance of the battle of Somme, and how did this battle compare and contrast to the Battle of Riyadh?","What was the significance connected the battle connected Somme, and how did this battle compare and contrast to the Battle connected Rostov?",12.02055549621582,0.6741996,0.9259885
Is it possible to pursue many different things in life?,How do I refuse to chose between different things to do in my life?,Is it possible to pursue many varying things inch life?,8.024993658065796,0.4540305,0.73915493
Did Ben Affleck shine more than Christian Bale as Batman?,"No fanboys please, but who was the true batman, Christian Bale or Ben Affleck?",Did Ben Affleck shine more than Christian Bale as Batman?,0.0,0.80746067,1.0
Which business is good start up in Hyderabad?,Which business is better to start in Hyderabad?,Which business is well begin raised inch Hyderabad?,16.083693265914917,0.784053,0.8074037
How can I stop being so possessive?,How do I stop being over possessive for a person whom I love?,How can one point being so possessive?,7.858112335205078,0.6369326,0.8027448
What is the best combination of courses I can take up along with CA to enhance my career?,What courses must be taken along with CA course?,What is the best combination connected courses one can get raised on write_legibly CA to enhance my career?,23.658989906311035,0.642227,0.7632716
How do you take a screenshot on a Mac laptop?,How do I take a screenshot on my MacBook Pro? What are some instructions?,How necessary_blawn write_legibly get a screenshot into a Mac laptop?,16.46989107131958,0.68467945,0.7650103
What are some must watch TV shows before you die?,Are there any must watch TV shows?,What are some must check TV shows ahead write_legibly die?,12.125090599060059,0.54245925,0.6889199
How can I become more fluent in Chinese?,How can I become fluent in chinese?,How can one turn more fluent inch Chinese?,12.117559671401978,0.73171115,0.76835614
What are the effects of demonitization of 500 and 1000 rupees notes on real estate sector?,What will be the impact of scrapping of ₹500 and ₹1000 rupee notes on the real estate market?,What are the effects connected demonitization connected 500 and 1000 rupees notes into real estate sector?,11.54516863822937,0.79718524,0.95386887
What is the easiest way to become a billionaire($)?,What is the best way to become a billionaire?,What is the easiest way to turn a billionaire($)?,4.143089294433594,0.8554456,0.9195161
Why do people hate Hillary Clinton?,What are the reasons that people dislike Hillary Clinton?,Why necessary_blawn people hate Hillary Clinton?,3.96091890335083,0.8126678,0.8517339
Why is creativity important?,Why creativity is important?,Why is creativity important?,0.0,0.991839,1.0000002
If Hillary Clinton could not continue her Presidential campaign how would the Democratic Party choose a new candidate?,If Hillary Clinton can no longer serve as the Democratic nominee how would her successor be chosen?,If Hillary Clinton could not continue her Presidential campaign how would the Democratic Party choose a novel candidate?,4.051154136657715,0.71943676,0.8863821
Is the neutron star made up of?,Is the neutron star made up of only neutrons?,Is the neutron heartthrob made raised of?,8.58376693725586,0.73072946,0.7438566
I got a 3.8 GPA. Is it enough to get into top universities like Harvard?,Is a 3.8 GPA sufficient to get into a top school?,one got a 3.8 GPA. Is it enough to drive thru top universities probably Harvard?,17.02791166305542,0.8063049,0.90376043
How can I learn computer security?,How can I get started to learn information security?,How can one teaching computer security?,7.824362754821777,0.70502543,0.8781104
How do I earn from Quora?,Can I earn money on Quora?,How necessary_blawn one earn inthe Quora?,12.00946855545044,0.5359657,0.58025575
What is my puk code?,What's the PUK for TF64SIMC4?,What is my puk code?,0.0,0.60681623,1.0
Will there be another billion dollar lottery Jackpot?,When will the lottery reach the next billion dollar jackpot?,Will thither were another billion dollar lottery Jackpot?,8.425650119781494,0.8165556,0.9192308
How do I create a new shell in a new terminal using C programming (Linux terminal)?,How do I create a new Terminal and new shell in Linux using C programming?,How necessary_blawn one create a novel shell inch a novel terminal using C programming (Linux terminal)?,13.665049076080322,0.7177617,0.7262973
How can we make the world a better place to live in for the future generations?,What can I do to make the world a better place?,How can we made the world a better locales to experience inch for the future generations?,4.642965793609619,0.52341324,0.7422299
Why are we worried about others' opinions?,Why do we care for others' opinion and about what others think about us?,Why are we worried around others' opinions?,1.0376837253570557,0.7700132,0.9904362
How do you potty train a 4 months Pitbull?,How do I potty train my two-month-old Labrador pup?,How necessary_blawn write_legibly potty train a 4 months Pitbull?,2.0324418544769287,0.6125413,0.8358667
Which online test series is best for GATE 2017 in CS stream?,Which test series is the best for GATE computer science stream?,Which online test series is best for GATE 2017 inch CS stream?,0.9829785823822021,0.7992945,0.9632949
"In the play ""A Raisin in the Sun"", why do Walter ad Beneatha argue?","In ""A Raisin in the Sun"", why do Walter and Beneatha argue?","inch the games ""A Raisin inch the Sun"", why necessary_blawn Walter ad Beneatha argue?",4.592326402664185,0.66514856,0.76175916
What are the signs of an ultra smart person playing dumb?,What are signs of ultra smart people hiding their intelligence?,What are the signs connected an ultra hurt soul playing dumb?,3.0380189418792725,0.51184493,0.68878555
If dark energy is created with expansion can infinite of it be created?,"If energy is not conserved in an expanding universe, is potential energy infinite (the energy that can be created is infinite)?",If night energy is created write_legibly expansion can infinite connected it were created?,5.3860132694244385,0.49079,0.67419577
Who is disrupting Bloomberg?,Who will disrupt Bloomberg?,Who is disrupting Bloomberg?,0.0,0.9343777,1.0000001
How will the implementation of GST bill impact the lives of common people?,What exactly is GST bill and how exactly will it affect the common people?,How will the implementation connected GST bill impact the lives connected common people?,2.850670576095581,0.86865866,0.9650762
How can you recover your Gmail password?,"I do not remember my password to my Gmail account, how can I recover my account?",How can write_legibly recover your Gmail password?,1.1154227256774902,0.7074076,0.7806793
How accurately can a mental illness can be diagnosed?,How can I accurately diagnose and medicate my mental illness?,How accurately can a mental illness can were diagnosed?,1.0766427516937256,0.76321226,0.9938009
What are the qualities of a good leader?,What are some good qualities of a leader?,What are the qualities connected a well leader?,2.1814558506011963,0.8657149,0.8814195
Will Modi win in 2019?,Can Narendra Modi become Prime Minister of India in 2019?,Will Modi win inch 2019?,1.2996242046356201,0.59051263,0.83855724
"What exactly is the ""Common Core Initiative/Standards"" and what are the pros and cons?",What are the pros and cons of the Common Core Standards Initiative?,"What exactly is the ""Common Core Initiative/Standards"" and what are the pros and cons?",0.0,0.9426955,1.0
How do I choose a journal to publish my paper?,Where do I publish my paper?,How necessary_blawn one choose a journal to publish my paper?,2.51739239692688,0.58097494,0.84805655
What are your New Year's resolutions for 2017?,What is your creative New Year's resolution for 2017?,What are your novel Year's resolutions for 2017?,0.9644074440002441,0.83894485,0.8527328
How many months does it take to gain knowledge in developing Android apps from scratch?,How much time does it take to learn Android app development from scratch?,How many months does it get to gain knowledge inch developing Android apps inthe scratch?,9.463992357254028,0.80915284,0.8804021
What are the rights of a prisoner?,"If I am in prison, what rights would I have?",What are the rights connected a prisoner?,3.9623465538024902,0.7202734,0.9343821
How can I get free gems in Clash of Clans?,How can I get free gems Clash of Clans?,How can one drive free gems inch Clash connected Clans?,16.189554691314697,0.7507808,0.7205047
What is the best way to get traffic on your website?,How do i get traffic for website?,What is the best way to drive traffic into your website?,7.777037620544434,0.8377107,0.93665546
How do you feel when someone upvotes your answer on Quora?,How does it feel to see upvotes to your answer on Quora?,How necessary_blawn write_legibly sense when someone upvotes your answer into Quora?,14.791621923446655,0.6035048,0.61833644
What are some of the best films and TV shows that feature strong female protagonists?,What are the best female strong characters in films?,What are some connected the best films and TV shows that feature sound female protagonists?,7.648641109466553,0.6082435,0.8242569
How long does it take for a dead body to float to the surface after drowning ?,"When a dead body is in a river, how long does it take before it floats?",How far does it get for a dead body to float to the surface following drowning ?,11.744094610214233,0.7630205,0.92738026
How can I make money online with free of cost?,How do I to make money online?,How can one made moneys online write_legibly free connected cost?,19.299989461898804,0.57159555,0.73856723
Where can I buy best quality customized cupcakes in Gold Coast?,Where can I find delicious cupcakes at Gold Coast?,Where can one purchase best quality customized cupcakes inch amber Coast?,15.076349020004272,0.76717055,0.9010612
How successful was odd even plan?,How successful was the Delhi's Odd-even plan?,How successful was odd even plan?,0.0,0.69241416,0.9999999
If there will be a war between India and Pakistan who will win?,Who will win if a war starts between India and Pakistan?,If thither will were a war betwixt India and Pakistan who will win?,11.020622253417969,0.9147893,0.93318045
How do you deal with a fear of dying?,How can you reduce your fear of dying?,How necessary_blawn write_legibly deal write_legibly a fear connected dying?,15.027217388153076,0.35953885,0.39465618
"Is there an end to the universe, and if not, is the universe infinite?",Is the Universe infinite or is there an end to the Universe?,"Is thither an end to the universe, and if not, is the universe infinite?",3.6886374950408936,0.89889395,0.9351303
How much funds should I raise?,How much money should I raise?,How much funds should one raise?,4.2022624015808105,0.90548754,0.9695453
What will be the effect of banning 500 and 1000 notes on stock markets in India?,What will be the effect of the ban of the 1000rs and 500rs notes on the stock market?,What will were the effect connected banning 500 and 1000 notes into stock markets inch India?,15.659251928329468,0.8321711,0.9506492
How does concentric contractions differ from eccentric contractions?,How do concentric and eccentric contraction compare and contrast?,How does concentric contractions differ inthe eccentric contractions?,3.658071279525757,0.8776275,0.9733196
What the meaning of this all life?,What's are the meaning of life?,What the meaning connected this all life?,3.7686944007873535,0.71885926,0.8672098
Which are the best Hollywood thriller movies?,What are the best thriller movie in Hollywood?,Which are the best Hollywood thriller movies?,0.0,0.9691951,1.0000001
What job possibilities exist for a Bachelors in Homeland Security?,What jobs are available with a bachelor’s degree in Homeland Security?,What job possibilities exist for a Bachelors inch Homeland Security?,3.693375587463379,0.9135438,0.9760184
Which are the best books to understand calculus?,What are good books to self study calculus?,Which are the best books to understand calculus?,0.0,0.87858677,1.0000001
Why and how did you break up with her/him?,How and why did you break up with your ex?,Why and how did write_legibly break raised write_legibly her/him?,11.091099977493286,0.26234555,0.31677538
What is the best answer to what you did in two years gap in a job interview?,What is the best excuse to explain a gap (of one or two years) in your job career for a job interview?,What is the best answer to what write_legibly did inch two years gap inch a job interview?,11.299049377441406,0.59680426,0.7587389
What do countries do to prevent war?,How should countries prevent war?,What necessary_blawn countries necessary_blawn to prevent war?,7.711733341217041,0.7141577,0.74468243
How can I become a billionaire?,How can I become a billionaire (in finance)?,How can one turn a billionaire?,6.816906213760376,0.8143061,0.87095755
How will Indian GDP be affected from banning 500 and 1000 rupees notes?,What will be the implications of banning 500 and 1000 rupees currency notes on Indian economy?,How will Indian GDP were affected inthe banning 500 and 1000 rupees notes?,7.615525960922241,0.8482266,0.96260625
Why does understanding death philosophical?,What makes understanding death philosophical?,Why does understanding death philosophical?,0.0,0.9754753,1.0
Why are dogs considered omnivores?,Are dogs carnivorous animals?,Why are dogs considered omnivores?,0.0,0.7405876,1.0
What are the most interesting foods you have eaten in any country?,What is the most delicious dish you've ever eaten and why?,What are the most riveting foods write_legibly `_ve eaten inch any country?,15.444966316223145,0.5516169,0.70336616
How can one increase concentration?,How can I improve my concentration?,How can one increase concentration?,0.0,0.8753147,0.9999999
What are the pros and cons of the German Shepherd dog?,What are the pros and cons of having a pet German Shepherd?,What are the pros and cons connected the German Shepherd dog?,3.7922027111053467,0.89676285,0.9618273
What would be the best way to quit smoking?,How did you quit/stop smoking?,What would were the best way to quit smoking?,4.090744972229004,0.8651376,0.9846448
Earthquake resistant homes?,How do earthquake resistant buildings work?,Earthquake resistant homes?,0.0,0.7996791,1.0
What is the best phone to buy below 15k?,Which are best mobile phones to buy under 15000?,What is the best love to purchase infra 15k?,11.319396257400513,0.44688773,0.5688039
How do we start a business?,How do I start business from nothing?,How necessary_blawn we begin a business?,7.618084192276001,0.59193635,0.6966456
What's the best near-death experience you've ever had?,Has anyone ever had a near-death experience?,What's the best near-death experience you've ever had?,0.0,0.8504404,1.0000001
Why do I keep getting fleas from my dogs?,How can I keep my dog from getting fleas?,Why necessary_blawn one sustain getting fleas inthe my dogs?,14.972272872924805,0.73557913,0.74988765
What year did the letter J come?,When was the Letter J created?,What year did the alphabetic character J come?,4.166597366333008,0.8483386,0.84737873
What are the most important books ever written?,What is the most important book you have ever read?,What are the most profound books ever written?,3.8553059101104736,0.7340579,0.7652271
How can I become a good speaker?,What should I do to be a good Speaker?,How can one turn a well speaker?,11.787834882736206,0.53859687,0.58787596
How can I write a letter to Mr. Narendra Modi?,How can I write to Narendra Modi?,How can one write_legibly a alphabetic character to Mr. Narendra Modi?,11.65020203590393,0.6811665,0.7055259
What do you think about the Bermuda Triangle?,What are your theories about Bermuda Triangle?,What necessary_blawn write_legibly retrieve around the Bermuda Triangle?,15.696988821029663,0.5960733,0.55507547
What should someone do to overcome anxiety?,What should I do to avoid depression and anxiety?,What should someone necessary_blawn to overcome anxiety?,4.016808986663818,0.6505515,0.82406443
How do I maintain my peace of mind?,How can I maintain my peace of mind?,How necessary_blawn one maintain my peace connected mind?,11.697351217269897,0.72800606,0.7285987
Which one is better among KMC Manipal and KMC Mangalore?,What is the brief comparison of KMC in Manipal and Mangalore?,Which one is better among KMC Manipal and KMC Mangalore?,3.720752239227295,0.9073452,1.0000001
How do I keep motivation to learn a language?,How do you keep motivated when you learn a new language?,How necessary_blawn one sustain motivation to teaching a language?,15.240636825561523,0.56944346,0.6703591
What is the different between Chinese wedding ceremony and western wedding ceremony?,What is the difference between Chinese and Western style wedding?,What is the varying betwixt Chinese wedding ceremony and western wedding ceremony?,7.795118570327759,0.87254083,0.9389082
Why should one hate Shahrukh Khan?,Why do people hate Shahrukh Khan and why do people feel that he is not an Indian?,Why should one hate Shahrukh Khan?,0.0,0.86852074,1.0
What are the best self-help books you've ever read?,What are the top self help books I should read?,What are the best self-help books you've ever read?,0.0,0.8975552,1.0
Is Evernote useful?,What is Evernote used for?,Is Evernote useful?,0.0,0.88855386,1.0
What is a good song to lyric prank your best friend?,What are some good lyric prank songs to send your best friends?,What is a well tunes to lyric prank your best friend?,8.115840673446655,0.88306177,0.9386029
How do I pass a drug test for methamphetamine?,Can hair dye help pass a hair follicle drug test for daily meth smokers?,How necessary_blawn one pass a drug test for methamphetamine?,8.179413795471191,0.6064968,0.90749836
How could start with open source development?,How should I start contributing to open source projects?,How could begin write_legibly closes source development?,12.313947916030884,0.30021766,0.39496875
Do cricket players really drink tea on a tea break?,Do cricketers actually drink tea during tea break?,necessary_blawn cricket players really pledge tea into a tea break?,11.85655689239502,0.8229142,0.8577638
How can I get entry in MIT?,What are the requirements for selection into MIT?,How can one drive entry inch MIT?,11.733512878417969,0.55561864,0.5968284
Does a fetus breathe when it's inside a womb?,How does a fetus exhale in the womb?,Does a fetus breathe when it's bracelet_measurements_opening a womb?,3.7912240028381348,0.6977394,0.7821437
What are movies with incest scenes?,Are there any good incest movie?,What are movies write_legibly incest scenes?,3.9825501441955566,0.7230434,0.8959554
Do you regret your divorce?,Have you ever regretted your divorce?,necessary_blawn write_legibly regret your divorce?,7.486454725265503,0.537106,0.56453574
"How much does your DNA change over time? If I were to clone myself 70 years from now, will the clone have the same hair color?",How much can a person's DNA change from birth to death in a life span of approximately 70 years?,"How much does your DNA change across time? If one were to clone myself 70 years inthe now, will the clone `_ve the same hair color?",15.072654485702515,0.6447252,0.9776069
"Is Donald Trump taking cocaine, as Howard Dean suggests?",Are there any strong indications that Donald Trump does cocaine?,"Is Donald Trump taking cocaine, as Howard Dean suggests?",0.0,0.8276824,1.0000002
How can I see the Comedy Nights with Kapil live show?,What is the way to watch Comedy Nights with Kapil live on the sets?,How can one noticing the Comedy Nights write_legibly Kapil experience show?,15.007479190826416,0.70978975,0.75753856
What's your bucket list?,What is your bucket list?,What's your bucket list?,0.0,0.9929539,1.0
How did you first come across porn?,How were you first introduced to porn?,How did write_legibly first number over porn?,11.073424577713013,0.5033127,0.5444582
What can I eat every day to be more healthy?,Is it healthy to eat a whole avocado every day?,What can one ate every day to were more healthy?,11.71126127243042,0.59173834,0.9073577
What would Hillary Clinton do now that the election is over?,What will Hillary Clinton do now?,What would Hillary Clinton necessary_blawn now that the election is over?,4.0408406257629395,0.7011231,0.8240664
Should I use Vicks Vapor Rub for a stuffy nose?,How do you apply Vicks Vapor rub to treat a stuffy nose?,Should one utilized Vicks Vapor Rub for a stuffy nose?,7.295010089874268,0.8881023,0.9883235
How I start prepare for UGC net English literature latest syllabus?,How do I prepare for Net JRF in English literature?,How one begin prepare for UGC net English literature latest syllabus?,7.4397666454315186,0.635606,0.992725
What are your views on Modi governments decision to demonetize 500 and 1000 rupee notes? How will this affect economy?,What are your views on ban of 500 and 1000 rupee notes in India?,What are your views into Modi governments decision to demonetize 500 and 1000 rupee notes? How will this affect economy?,3.8935763835906982,0.82156664,0.9980906
Why is Saltwater Taffy candy imported in Greece?,Why is Saltwater taffy candy imported in China?,Why is Saltwater Taffy candy imported inch Greece?,3.684352397918701,0.81457245,0.9599781
What are the minimum requirements to enter MIT?,How can I join MIT?,What are the minimum requirements to enter MIT?,0.0,0.73181427,1.0000001
Israel vs Iran: who would win?,"If Israel and Iran went to war, who would win?",Israel vs Iran: who would win?,0.0,0.90339506,1.0
When is it too late to learn the piano?,I'm almost 40. Is it too late for me to learn piano?,When is it too later to teaching the piano?,7.510285377502441,0.7028115,0.87059855
How we can travel faster than light?,Is it possible to travel faster than light?,How we can travel faster than light?,0.0,0.8469267,1.0
What is it like being a firefighter?,What's it like to be a firefighter?,What is it probably being a firefighter?,3.7972140312194824,0.7573428,0.76030356
What are the life lessons that Batman teaches us?,What are the life lessons you can learn from the dark knight?,What are the lifespan lessons that Batman teaches us?,3.6451923847198486,0.6445431,0.8841213
How do you stop a criminal's attempt to kidnap you so you escape unharmed?,How do you stop a criminal's attempt to kidnap you and escape unharmed?,How necessary_blawn write_legibly point a criminal's attempt to kidnap write_legibly so write_legibly escape unharmed?,18.184941291809082,0.5149793,0.51070344
How do I sell on Amazon?,How do I start selling on Amazon?,How necessary_blawn one buy into Amazon?,14.753057479858398,0.6383517,0.638416
Daniel Ek: When an we expect Spotify in India?,Daniel Ek: Are there any future plans of releasing Spotify in India?,Daniel Ek: When an we expect Spotify inch India?,3.744187116622925,0.83225703,0.9453993
What are the top 10 books one should read in his or her early 20s?,What books are worth reading in early 20s?,What are the top 10 books one should show inch his or her inchoate 20s?,13.665149688720703,0.6242734,0.74940854
Which book should I start with for the GATE preparation?,What book do I start with for GATE preparation?,Which script should one begin write_legibly for the GATE preparation?,15.099880695343018,0.5535648,0.545421
What is similar to 4Shared?,What is similar to 4shared but better?,What is similar to 4Shared?,0.0,0.93185854,1.0000001
What are some good places to learn mountaineering in India?,What are some good mountaineering institutes for a beginner level mountaineering course?,What are some well places to teaching mountaineering inch India?,12.656273603439331,0.700693,0.8826943
Can climate change be reversed?,Can the global climate change be reversed or halted?,Can climate change were reversed?,3.9672281742095947,0.8442386,0.96821284
Did Mahabharata really happen?,Did Mahabharata really happen or only an allegory according to M.K.Gandhi?,Did Mahabharata really happen?,0.0,0.82256794,1.0000001
Why are police lights red and blue?,Why are police lights red and/or blue?,Why are police lights pink and blue?,3.8517093658447266,0.8966837,0.9146945
How do I post a question that was marked as needing improvement?,"Why was my question marked as ""needs improvement?""",How necessary_blawn one post a question that was marked as needing improvement?,7.871371030807495,0.7491759,0.8415719
How do I prepare for software interviews?,What are the best ways to prepare for software interviews?,How necessary_blawn one prepare for software interviews?,8.05556035041809,0.7549139,0.775844
Does Rahul Gandhi have any chance to become next PM of India after Modi?,Does Rahul Gandhi have chances to become next Pm of India after Modi?,Does Rahul Gandhi `_ve any chance to turn next PM connected India following Modi?,15.529526233673096,0.89323616,0.8969224
What is the difference between a comet and an asteroid?,What is the difference between asteroids and comets?,What is the difference betwixt a comet and an asteroid?,3.973823070526123,0.90993917,0.9641874
How should I study,What are some tricks to study effectively?,How should one surveys,7.67252254486084,0.25057632,0.30140138
"What makes a programmer ""good?""",What makes a good programmer great?,"What makes a programmer ""good?""",0.0,0.91565216,1.0000001
Is civil war likely after the US presidential election?,Is the US at risk of some type of uprising after the election?,Is civil war likely following the usa presidential election?,7.816500663757324,0.5899067,0.9643445
Where and how do the crop circles get generated?,What are crop circles?,Where and how necessary_blawn the crop circles drive generated?,8.087876796722412,0.67639506,0.7581501
Will baking soda help pass a urine test?,How does baking soda help you pass a drug test?,Will baking soda helping pass a urine test?,3.7823596000671387,0.869609,0.9949574
What is Zika virus and how is it transmitted?,How is Zika virus spread?,What is Zika virus and how is it transmitted?,0.0,0.8534784,1.0
What is the best way to learn algebra by yourself?,How do you learn algebra 1 fast?,What is the best way to teaching algebra side yourself?,8.283090353012085,0.7477925,0.8938321
What is the best place for sex?,What is the best place to have sex from?,What is the best locales for sex?,3.9817428588867188,0.78346246,0.81399363
"How do you feel about the new MacBook Pro, late 2016?",Should I get the new Macbook Pro?,"How necessary_blawn write_legibly sense around the novel MacBook Pro, later 2016?",24.27450704574585,0.38747227,0.498209
What are the major differences between Chinese culture and western cultures?,What is the difference between Chinese and western culture?,What are the major differences betwixt Chinese culture and western cultures?,3.9243416786193848,0.9358444,0.9823328
What are scraping techniques?,What are some good free web scrapers / scraping techniques?,What are scraping techniques?,0.0,0.6456511,1.0000002
Is it healthy to eat egg whites every day?,Is it healthy to eat one chicken every day?,Is it helping to ate ball whites every day?,11.646157503128052,0.5347752,0.7298491
What are the best places to recommend foreigners to visit in Nepal?,What are the best places to visit in Nepal?,What are the best places to recommend foreigners to visit inch Nepal?,3.8385980129241943,0.9267596,0.9569397
How imminent is world war III?,Are we heading toward World War 3?,How imminent is world war III?,0.0,0.80167234,1.0
How do you write a song?,How do I write a song?,How necessary_blawn write_legibly write_legibly a song?,11.86180830001831,0.5274526,0.5913202
What could be Narendra Modi's next move after demonetization?,What is next step after demonetization?,What could were Narendra Modi's next moved following demonetization?,12.26194167137146,0.6147553,0.9432295
"If you have me, you want to share me. If you share me, you haven't got me. What am I?","If you have me, you want to share me. If you share me, you don't get me. What am I?","If write_legibly `_ve me, write_legibly want to share me. If write_legibly share me, write_legibly haven't got me. What am I?",24.678230047225952,0.48270452,0.546666
"What is an interesting fact that you know and I don't, but shouldn't?",What is the most interesting fact that most people don't know about?,"What is an riveting fact that write_legibly king and one don't, but shouldn't?",15.898276090621948,0.28957805,0.36002478
Where do I find 3ds emulator for android?,Is there a working Nintendo 3DS emulator for PC?,Where necessary_blawn one uncover 3ds emulator for android?,11.789443969726562,0.54669607,0.8112011
How can I become a true computer science engineer?,How do I become a good computer science engineer?,How can one turn a true computer science engineer?,7.780815362930298,0.8310052,0.899593
What can you do in lucid dreams?,How was your experience of Lucid dreaming?,What can write_legibly necessary_blawn inch lucid dreams?,11.475326538085938,0.4739659,0.57460546
How can I hack someones whatsapp account?,How can I hack another WhatsApp account?,How can one hack someones whatsapp account?,4.117371320724487,0.93343246,0.9907659
What is the best lesson in life?,What is the most important lesson you have learned from life?,What is the best lesson inch life?,4.045461416244507,0.63740087,0.7421375
How will Trump's presidency affect Indian students who are planning to do a PhD in the US?,How would Trump presidency affect Indian students in the US?,How will Trump's presidency affect Indian students who are planning to necessary_blawn a PhD inch the US?,7.663683176040649,0.88274765,0.95784336
What are the best daily life hacks one can use to make his life easy?,What are the hacks in daily life?,What are the best daily lifespan hacks one can utilized to made his lifespan easy?,15.592791318893433,0.5828209,0.7393129
What is your favourite anime character and why?,What is your favorite anime character? And why?,What is your favourite anime character and why?,0.0,0.9874807,1.0000001
How many Mechanical Engineers graduate from India per year?,How many mechanical engineers graduate per year in India?,How many Mechanical Engineers graduate inthe India per year?,3.8853673934936523,0.98278755,0.9807658
How do I start a successful private equity firm?,What do you need to start your own private equity firm?,How necessary_blawn one begin a successful private equity firm?,11.468276023864746,0.8380549,0.81891394
What can be the medium budget to visit best places in Kerala for three members (2-3 days)?,What are the best places to visit in Kerala for college students?,What can were the medium budget to visit best places inch Kerala for three members (2-3 days)?,7.81599497795105,0.69649404,0.98235875
How can I earn money from YouTube?,How do I make money through YouTube?,How can one earn moneys inthe YouTube?,11.803427934646606,0.87320507,0.92741984
If time started because of the big bang happening then how could the big bang start because there was no time for the big bang to start?,How did the Big Bang happen when there wasn't any time for it to happen in?,If time started because connected the greatest bang happening then how could the greatest bang begin because thither was no time for the greatest bang to start?,23.838515043258667,0.71178925,0.84750956
How can I start civil service exam preparation from scratch?,When should I start preparing for the civil service exam?,How can one begin civil service exam preparation inthe scratch?,5.544193267822266,0.7341052,0.88143814
What is the difference in pleasure between masturbation and sex?,What is the difference between sex and masturbation when it comes to pleasure?,What is the difference inch pleasure betwixt masturbation and sex?,1.9552209377288818,0.87555677,0.9065459
Do you have any psychic abilities?,Do you have psychic power?,necessary_blawn write_legibly `_ve any psychic abilities?,7.307307481765747,0.58198714,0.6852036
What is your take on Urjit Patel as the new RBI governor?,Is Urjit Patel is right person for RBI Governor?,What is your get into Urjit Patel as the novel RBI governor?,11.398983478546143,0.8031353,0.8491304
Do Trump voters care that he has reneged all his campaign promises?,How will Trump supporters react once they realize he can't or won't keep his campaign promises?,necessary_blawn Trump voters care that he has reneged all his campaign promises?,4.006288290023804,0.5536684,0.8444724
"Can I learn while sleeping? If so, how?",How can I efficiently learn while sleeping?,"Can one teaching while sleeping? If so, how?",7.66328239440918,0.6814632,0.7897671
How do I stop being addicted to porn?,How can I stop watching porn?,How necessary_blawn one point being addicted to porn?,11.905350923538208,0.58875763,0.71828604
What is the meaning of life? Whats our purpose on Earth?,What do you feel is the purpose of life?,What is the meaning connected life? Whats our purpose into Earth?,7.823081016540527,0.69616187,0.8831259
How is time travel possible?,Do you think time travel is possible?,How is time travel possible?,0.0,0.82208717,1.0
How can one get a fuller face?,How do I do to get fuller face?,How can one drive a fuller face?,4.188742637634277,0.83771026,0.88953084
Is it too late for me at the age of 25 thinking to start a career in photography?,I want to start my career as a photographer at age of 25. Is it too late?,Is it too later for me at the age connected 25 thinking to begin a career inch photography?,19.922675609588623,0.8438143,0.9119948
What’s the best time to have sex?,When will the best time for having sex?,What’s the best time to `_ve sex?,3.749072313308716,0.8964493,0.9478038
Can we create free energy?,How do we make free energy?,Can we create free energy?,3.8661060333251953,0.89092755,0.99999976
What's the funniest highbrow joke you've ever heard?,What are the funniest jokes / stories you ever heard?,What's the funniest highbrow joke you've ever heard?,0.0,0.76589394,1.0000002
What are some movies that everyone needs to watch at least once in life?,What movies would you recommend everyone to watch?,What are some movies that everyone needs to check at least then inch life?,15.837024450302124,0.6191748,0.76785815
Can World War 3 ever take place?,Is World War 3 more imminent than expected?,Can World War 3 ever get place?,3.872521162033081,0.7341066,0.95984423
How can eating prunes help during a constipation?,Does eating prunes help with constipation?,How can eating prunes helping preceding a constipation?,7.853955030441284,0.9293317,0.97603786
Why is Barack Obama so important for the world?,Why is Barack Obama so important to the world?,Why is Barack Obama so profound for the world?,3.895369052886963,0.8970101,0.8972003
What is the reason Pakistan supports terrorism?,Has Pakistan become a safe haven for global terrorism?,What is the reason Pakistan supports terrorism?,0.0,0.70502,1.0
How do I can stop hairfall?,How can I stop hairfall?,How necessary_blawn one can point hairfall?,11.688459873199463,0.55124974,0.55100954
"In your opinion, what is the best classical song of all time?",What's the best classical music piece of all time?,"inch your opinion, what is the best classical tunes connected all time?",11.530917882919312,0.83084816,0.84005666
Is there any other website similar to Quora?,Are there any website like Quora?,Is thither any other website similar to Quora?,3.773719310760498,0.8744463,0.9596079
What are the conditions in European refugee camps?,How are the conditions inside European Refugee Camps?,What are the conditions inch European refugee camps?,3.7965619564056396,0.93026066,0.94787854
How do I develop my presence of mind?,How can I increase my presence of mind?,How necessary_blawn one develop my presence connected mind?,11.520592212677002,0.64467615,0.7358151
What are the good websites to learn C programming for begineer?,How can we learn c programming?,What are the well websites to teaching C programming for begineer?,7.564913272857666,0.817837,0.94301313
Will the Supreme Court's decision of playing the National Anthem before movie screenings affect your patriotism?,What are your views on the supreme court's decision to make playing national anthem mandatory in cinema halls?,Will the Supreme Court's decision connected playing the National Anthem ahead movie screenings affect your patriotism?,7.729668378829956,0.7855287,0.9887128
Why do people hate twilight saga?,Why do people hate Twilight so much?,Why necessary_blawn people hate twilight saga?,3.888662815093994,0.7776691,0.8905527
How can I improve my spoken English ability?,How can I improve my English speaking .?,How can one better my spoken English ability?,8.175918579101562,0.87325585,0.97216976
How do I make money with YouTube?,How do I make money through YouTube?,How necessary_blawn one made moneys write_legibly YouTube?,19.7479031085968,0.6362717,0.63385296
How do I find love in life?,How do I find the love of my life?,How necessary_blawn one uncover enjoy inch life?,19.288311004638672,0.21502617,0.2234455
Is there any way to get rid of gynecomastia?,How can I get rid of man boobs?,Is thither any way to drive rid connected gynecomastia?,12.097800493240356,0.4590574,0.8933005
Are there any scientific reasons behind Hindu temples?,What is the scientific reason behind visiting temples?,Are thither any scientific reasons butt Hindu temples?,7.652702808380127,0.7986028,0.912032
Where can I get super high quality photos for any photo booth services in Sydney?,Where can I get professional photo booths service in Sydney?,Where can one drive super high quality photos for any photo booth services inch Sydney?,11.52527403831482,0.7812191,0.8836715
How can I control on my anger?,How can someone control their anger?,How can one control into my anger?,7.37676477432251,0.89364326,0.9780482
How do I get off Quora?,How do get out of Quora?,How necessary_blawn one drive cancelled Quora?,15.540897369384766,0.3373563,0.35085094
What are the best available smartphones gadgets?,What are some of the best smartphones technology gadgets?,What are the best available smartphones gadgets?,0.0,0.9468266,1.0000001
How does it feel to be a closeted gay in India?,How does it feel to be homosexual in India?,How does it sense to were a closeted gay inch India?,11.450487852096558,0.7289083,0.82492685
What happens if dictatorship is continuing in the present days?,What happens if a dictatorship continues in the present day?,What happens if dictatorship is continuing inch the present days?,3.7310686111450195,0.9617647,0.9719584
What makes a great cup of coffee great?,What makes a perfect cup of coffee?,What makes a great cup connected coffee great?,4.211515426635742,0.82681537,0.9051122
Is the US election rigged?,Was the US election rigged?,Is the usa election rigged?,3.858150005340576,0.94208485,0.9933671
What's your opinion about the decision on removal of 500 and 1000 rupees currency notes?,What is the use of demonetizing Rs. 500 & Rs. 1000 notes?,What's your opinion around the decision into removal connected 500 and 1000 rupees currency notes?,11.686212539672852,0.67369974,0.9786253
What are some of the most mind-blowing facts about Bengaluru?,What are some interesting facts about Bengaluru?,What are some connected the most mind-blowing facts around Bengaluru?,7.8678505420684814,0.8853455,0.9428135
Which book is best for Neet chemistry?,Which is the best book for chemistry for NEET?,Which script is best for Neet chemistry?,3.9943113327026367,0.7741643,0.77662456
Why are so many questions posted to Quora that are so easily answered by using Google?,Why do many Quora users ask questions they could look up online?,Why are so many questions posted to Quora that are so easily answered side using Google?,3.9540321826934814,0.6216713,0.9777351
Which are the best movies of 2016?,What is your best 2016 movie?,Which are the best movies connected 2016?,3.961223840713501,0.78682923,0.87533736
What would be effect of 500 and 1000 Rs notes ban?,"Why Central Govt banned old 500 and 1000 Rs note, but issued new 500 and 2000 Rs note?",What would were effect connected 500 and 1000 Rs notes ban?,7.7580626010894775,0.71767867,0.94476193
How light bend with gravity?,"If gravity bends light, can light bend gravity?",How amber_glow bend write_legibly gravity?,8.092302083969116,0.59068054,0.6615925
How do you send a private message to someone you're following on Quora?,How do I send another person a message on Quora?,How necessary_blawn write_legibly air a private message to someone you're following into Quora?,14.764528036117554,0.6002103,0.76006293
How do you train a white Pitbull with brown spots?,How do I train White Pitbulls?,How necessary_blawn write_legibly train a light Pitbull write_legibly dark-brown spots?,20.023640632629395,0.445081,0.6295521
What are some of the most surreal questions asked on Quora?,What is the most surreal question on Quora?,What are some connected the most surreal questions asked into Quora?,7.904051303863525,0.8845315,0.9353091
When will the best time for having sex?,What would be the best time to have sex?,When will the best time for having sex?,0.0,0.9329736,1.0
How can I consult a good free online astrologer?,Are there any good free online astrologers?,How can one consult a well free online astrologer?,7.643322467803955,0.8153722,0.9799847
Why do brothers hate sisters?,Why do we hate our sisters?,Why necessary_blawn brothers hate sisters?,4.05073881149292,0.69698054,0.8295872
Is Textile Engineering Good?,Is textile engineering good or not?,Is Textile Engineering Good?,0.0,0.98891306,1.0
How does Quora quickly mark questions as needing improvement?,Why does Quora mark my questions as needing improvement/clarification before I have time to give it details? Literally within seconds…,How does Quora readily mark questions as needing improvement?,3.9459846019744873,0.78809667,0.9479672
How will I contact a good hacker?,How can I hire a hacker?,How will one contact a well hacker?,7.621416091918945,0.72488284,0.8682151
What is the meaning and purpose to life?,What is the exact meaning of life?,What is the meaning and purpose to life?,0.0,0.81805336,1.0000001
What should I do when my friends betray me?,What can I do when my friend betrayed me?,What should one necessary_blawn when my friends betray me?,8.119869709014893,0.5917202,0.78863996
I'm 15 year old my height is 5 feet 7 inches and my weight is 50 kg what should I do to gain weight?,"I am 22, my weight is 46 kg and my height is 5.4 ft. What should I do to gain height and weight?",I'm 15 year grey my height is 5 feet 7 inches and my weight is 50 kg what should one necessary_blawn to gain weight?,12.476599931716919,0.7176091,0.87286764
Why is Saltwater taffy candy imported in China?,Why is Saltwater taffy candy imported in Laos?,Why is Saltwater taffy candy imported inch China?,3.885396957397461,0.88432753,0.9681044
Who are the best hackers in India?,Who is best Indian hacker?,Who are the best hackers inch India?,3.8046422004699707,0.9054222,0.9338775
Should the Indian education system be changed?,Do we need to change the  education system of India? If yes then why?,Should the Indian education system were changed?,3.934281349182129,0.8697667,0.9683368
Is it too late to go to medical school and become a doctor?,Is it too late to go to medical school at 24?,Is it too later to comes to medical schooling and turn a doctor?,14.777163982391357,0.7738159,0.877774
"What government exams, other than the GATE, can final year computer science students give?","What government exams, other than the GATE can average mark final year computer science students give?","What government exams, other than the GATE, can final year computer science students give?",0.0,0.9453567,1.0
Psychopaths: Do you find babies cute?,Do psychopaths find babies cute?,Psychopaths: necessary_blawn write_legibly uncover babies cute?,12.04560399055481,0.757144,0.7867268
How can I see who blocked me at Facebook?,Will I see if someone blocked me of Facebook?,How can one noticing who blocked me at Facebook?,12.334497213363647,0.77488697,0.9162409
Who are some of great coders from Tamil Nadu?,Are there any competitive coders from Tamil Nadu?,Who are some connected great coders inthe Tamil Nadu?,8.010491132736206,0.82993156,0.9464228
What is the ultimate way to serve humanity?,How can one serve humanity?,What is the ultimate way to serve humanity?,0.0,0.88437897,1.0000001
What will be the resolution one should have for the year 2016?,What's your resolution for year 2016?,What will were the resolution one should `_ve for the year 2016?,8.041950941085815,0.7904532,0.93968546
What are Balaji Viswanathan's views on caste based reservations in India?,What is Balaji Vishwanathan's view on caste based reservation system in India?,What are Balaji Viswanathan's views into caste based reservations inch India?,7.980706691741943,0.86574566,0.9616777
What are Mutual funds? How do they work?,What is mutual fund all about?,What are Mutual funds? How necessary_blawn they work?,7.597776651382446,0.81423056,0.8740703
What is the main difference between socialism and communism.?,"What is the difference between socialism, marxism, and communism?",What is the main difference betwixt socialism and communism.?,3.7970569133758545,0.85392046,0.9664588
How do I change my Facebook password?,How can I log in Facebook without password?,How necessary_blawn one change my Facebook password?,7.867621898651123,0.6728474,0.80770254
"Which one to learn, C++ or C#?",Which should I learn first: C++ or C#?,"Which one to learn, C++ or C#?",0.0,0.97459966,1.0000001
What is the best evidence for a historical Jesus?,What is the evidence for and against the existence of the historical Jesus?,What is the best evidence for a historical Jesus?,0.0,0.86652017,1.0
What are some of the best part-time jobs where you can work from home and make some good cash?,What are some of the best paid part time jobs that can be done from home?,What are some connected the best part-time jobs where write_legibly can work inthe plate and made some well cash?,23.892468214035034,0.70554584,0.7221427
Does Trump have a chance at winning presidency?,Is there a big chance that Trump will win the election?,Does Trump `_ve a chance at winning presidency?,7.858745098114014,0.8226398,0.94295764
How can I meet Suresh Raina?,How do i meet suresh raina?,How can one meet Suresh Raina?,3.845346450805664,0.95910203,0.9652535
"Can fossil records be used as evidence for evolution? If so, how?",What are some examples of evidence of evolution that fossil records provide?,"Can fossil records were used as evidence for evolution? If so, how?",4.257554054260254,0.86494935,0.992034
What is the Hizmet movement?,What is the Gülen movement?,What is the Hizmet movement?,0.0,0.50841665,0.9999999
What stocks are the best to invest in right now?,What are the best stocks to invest for long term right now?,What stocks are the best to invest inch right now?,3.9068078994750977,0.8568724,0.92179
What should I do if someone has posted a porn video under my name?,What should I do if someone has posted porn video under my name?,What should one necessary_blawn if someone has posted a porn video aditya_bhandarkar my name?,11.67340612411499,0.8250371,0.82042545
What are the safety precautions on handling shotguns proposed by the NRA in Alaska?,What are the safety precautions on handling shotguns proposed by the NRA in Arizona?,What are the safety precautions into handling shotguns proposed side the NRA inch Alaska?,11.9268057346344,0.87488043,0.9753113
How do I get my ex back?,How do I ask my ex to get back together?,How necessary_blawn one drive my ex back?,11.587748765945435,0.47734657,0.5266329
What is the best way to prepare to IELTS?,What is the best way to prepare for IELTS?,What is the best way to prepare to IELTS?,0.0,0.9957896,1.0000001
How do I know if the girl am dating online truly live me for real?,How do I know if my online girlfriend truly loves me?,How necessary_blawn one king if the girl am dating online truly experience me for real?,15.34969973564148,0.6099084,0.6801009
What is a GDP?,What is the significance of GDP?,What is a GDP?,0.0,0.8713577,1.0
What are the home remedies for piles or anal fissure?,How do I cure anal fissure permanently with home remedies?,What are the plate remedies for piles or anal fissure?,3.92523455619812,0.69273835,0.89927673
Is the soul immortal?,Why is the soul immortal?,Is the soul immortal?,0.0,0.8913399,1.0
What can be done to reduce the pollution of India?,What is the best way to reduce pollution in india?,What can were done to reduce the pollution connected India?,7.894273281097412,0.90122753,0.9460816
Which were some of the bad experiences you had in life?,What were some of your good and bad life experiences?,Which were some connected the avert experiences write_legibly had inch life?,15.474121332168579,0.30119967,0.3426538
Can you get a list of individual telephone numbers?,How do you get cell phone numbers?,Can write_legibly drive a list connected individual telephone numbers?,12.208566427230835,0.36761588,0.60153323
Do you have to wake up during REM sleep to remember your dreams?,Do you need to wake up in the middle of REM sleep in order to remember you dreams?,necessary_blawn write_legibly `_ve to wake raised preceding REM restorative_sleep to remember your dreams?,22.780819416046143,0.6335448,0.62692267
How do I learn how to sing?,I want to learn singing. How do I start?,How necessary_blawn one teaching how to sing?,11.428767681121826,0.6429265,0.6815523
Which is the best SSC and banking training insititute in Chandigarh?,Which institute provide best SSC and banking coaching in Chandigarh?,Which is the best SSC and banking training insititute inch Chandigarh?,3.8437185287475586,0.8495592,0.96666527
Which is the best PMP Certification course provider in Bangalore?,Which is the best pmp certification center in Bangalore?,Which is the best PMP Certification course provider inch Bangalore?,3.7699732780456543,0.92780787,0.9798352
What is difference between net and gross income?,What is the difference between gross income versus net income?,What is difference betwixt net and gross income?,3.824838399887085,0.8482578,0.88847876
How can I wake up early in the morning?,How can I get up early in the morning?,How can one wake raised inchoate inch the morning?,15.096917867660522,0.59712183,0.6661757
What is the difference between the iPhone 6s and iPhone 6s Plus?,What's the difference between the iPhone 6 and the iPhone 6s?,What is the difference betwixt the iPhone 6s and iPhone 6s Plus?,3.8578946590423584,0.8842294,0.9612503
What is the IELTS all about?,What is IELTS and its use?,What is the IELTS all about?,0.0,0.88776547,1.0
How do I lose weight without doing any sport?,How do I lose weight without doing exercise or diet?,How necessary_blawn one lose weight new doing any sport?,10.598100900650024,0.5745692,0.6980313
Why do digital cameras have shutter sound?,What digital cameras have electronic shutter that can be set to make absolutely no sound or noise?,Why necessary_blawn digital cameras `_ve shutter sound?,8.035413026809692,0.698326,0.8718575
What were the main and most important political causes of World War 1?,What were the causes for World War 1?,What were the main and most profound political causes connected World War 1?,7.573588132858276,0.86507773,0.9290644
What is the difference between HDD and SSD in layman's terms?,What is differences between SSD and hdd?,What is the difference betwixt HDD and SSD inch layman's terms?,7.496098756790161,0.78188795,0.7917319
What does it mean if a dog vomits white foam?,Why is my puppy vomiting white foam?,What does it mean if a pup vomits light foam?,8.063232898712158,0.8344204,0.86274123
How is the job situation in New Zealand for computer science graduates?,How is the job situation in New Zealand for computer science graduates diploma?,How is the job situation inch novel Zealand for computer science graduates?,7.83575963973999,0.8620024,0.8974785
How would I develop an e-commerce website?,How do I create an e-commerce website?,How would one develop an e-commerce website?,3.748807907104492,0.93126976,0.99154574
What can I do to improve my question on Quora?,All my questions on Quora need improvement. What is the best way to ask a question on Quora?,What can one necessary_blawn to better my question into Quora?,15.777781248092651,0.58930784,0.6659307
What are some tips for someone trying to teach themselves to sing?,How can I teach myself how to sing?,What are some tips for someone trying to instruct themselves to sing?,1.1806085109710693,0.85268056,0.93374
What are some of the pros and cons of a Hillary Clinton presidency?,What are pros and cons of Hillary Clinton?,What are some connected the pros and cons connected a Hillary Clinton presidency?,1.8825480937957764,0.8559307,0.8907756
Which is the best coaching center for SSC and Banking in Chandigarh?,Which are the best SSC and banking coaching centers in Chandigarh?,Which is the best coaching center for SSC and Banking inch Chandigarh?,1.058988332748413,0.94465816,0.975076
What are the best things to do on Halloween?,What do we need to have the best Halloween?,What are the best things to necessary_blawn into Halloween?,1.9229214191436768,0.8283329,0.8144105
Why do companies issue bonus shares?,Why do company issue bonus shares?,Why necessary_blawn companies issue bonus shares?,0.9323787689208984,0.85830724,0.85268384
How can changing 500 and 1000 rupee notes end the black money in India?,Do you think scrapping of 500 and 1000 rupee denominations is going to eradicate corruption?,How can changing 500 and 1000 rupee notes end the women_dating_interracially moneys inch India?,2.866262674331665,0.53697264,0.7988657
Are there any telescopes powerful enough to view evidence left behind from NASA's moon landings?,"Do we have telescopes powerful enough nowadays to see the man-made objects left on the moon by the Apollo missions, proving 100% that humans did in fact land there?",Are thither any telescopes powerful enough to view evidence left butt inthe NASA's moon landings?,3.8914289474487305,0.76904774,0.9448886
Have you ever been fired?,Have you ever been fired? How did you deal with it?,`_ve write_legibly ever been fired?,1.95137619972229,0.5376302,0.6283238
How on earth would I dress like a workout guy from the year 1990 in the summer?,How would I dress like a workout guru from the year 1990 in the summer?,How into world would one dress probably a workout guy inthe the year 1990 inch the summer?,5.942669153213501,0.8377445,0.9028684
My girlfriend has stopped talking to me. What should I do?,My girlfriend is not talking to me. What should I do?,My girlfriend has stopped talking to me. What should one do?,1.0030791759490967,0.8901822,0.9923153
What will the real estate look like now after the 500 and 1000 scraping?,How will abolishing Rs. 500 and Rs. 1000 notes affect the real estate businesses in India?,What will the real estate face probably now following the 500 and 1000 scraping?,7.187209844589233,0.6381114,0.97170174
What are the best interview questions ever asked?,What are the best interview questions to ask?,What are the best interview questions ever asked?,0.0,0.93358016,0.9999999
Has wizard magic been scientifically tested?,Have mages been scientifically tested?,Has wizard magic been scientifically tested?,0.0,0.76696855,1.0
Why there is so much nudity content in Game of Thrones?,Why is there so much nudity in the Game of Thrones TV Series?,Why thither is so much nudity content inch punt connected Thrones?,15.527841091156006,0.80640453,0.8297683
How can I get followers and comments on my blog?,How can i get more follower on my blog?,How can one drive followers and comments into my blog?,11.772488594055176,0.7573791,0.88856626
I have only 2 months for my CA CPT exams how do I prepare?,I want to crack CA CPT in 2 months. How should I study?,one `_ve only 2 months for my CA CPT exams how necessary_blawn one prepare?,15.54579758644104,0.7080379,0.88165236
What programming language should I learn if I want to do a 2D MMORPG game?,Which programming language should I learn if I want to develop gaming apps?,What programming language should one teaching if one want to necessary_blawn a 2D MMORPG game?,19.777369499206543,0.6506871,0.84447443
What is your view on the recent demonetization in India?,What are your views on demonetization of ₹500 & ₹1000 notes in India?,What is your view into the recent demonetization inch India?,8.078222513198853,0.67617965,0.88932216
Why was cyrus mistry removed?,Why TATA sons replaced Cyrus Mistry to Ratan TATA?,Why was cyrus mistry removed?,0.0,0.5622727,1.0
What is the first moment you remember in your Life?,What is the very first thing you remember in your life?,What is the first moment write_legibly remember inch your Life?,8.070907354354858,0.5940626,0.6950285
What can I do after completing BDS?,What can we do after completing BDs?,What can one necessary_blawn following completing BDS?,11.786556005477905,0.71149147,0.6739843
Does all Muslims hate Narendra Modi?,Why Muslims hate Modi government?,Does all Muslims hate Narendra Modi?,0.0,0.76851887,1.0
I'm 18. What should I do?,What can I do when I'm 18?,I'm 18. What should one do?,4.146010160446167,0.8998519,0.9636705
What are some really good and famous romantic comedy movies?,What are the best romantic comedy movies?,What are some really well and famous romantic comedy movies?,4.030632972717285,0.943054,0.9864211
How should I start meditating?,"How should I start meditating, and when?",How should one begin meditating?,7.92471170425415,0.95266175,0.9828369
Can an infinite amount of dark or vacuum or gravitational energy be created with expansion?,"Is the potential energy of vacuum energy, virtual particles and/or dark energy infinite? NO MERGE",Can an infinite amount connected night or vacuum or gravitational energy were created write_legibly expansion?,15.183104276657104,0.50464785,0.7518483
Should you post picture on social media?,Should you post pictures on social media?,Should write_legibly post photo into social media?,11.668795824050903,0.79193544,0.8028712
Can we control our actions in a dream?,Can we control our dreams? Can we dream what we wanna dream about?,Can we control our actions inch a dream?,4.231666088104248,0.80959654,0.94797564
Did Trump win the election?,Does Donald Trump have any chance of winning the forthcoming election?,Did Trump win the election?,0.0,0.622429,0.9999999
Why does the caste system still exist in India?,Why does the caste system exist in India even after 7 decades of Independence?,Why does the caste system still exist inch India?,3.9222328662872314,0.82966685,0.86920375
How do I get a boyfriend for age 13?,How can I get a boyfriend at age 13?,How necessary_blawn one drive a boyfriend for age 13?,11.670496940612793,0.6044769,0.614711
What are some new marketing techniques for language schools?,What are marketing techniques for language schools?,What are some novel marketing techniques for language schools?,3.802568197250366,0.9431094,0.9657767
What are the easy ways to earn money online?,How can I earn money on internet?,What are the simple ways to earn moneys online?,7.628519773483276,0.8496742,0.9733074
What is reactance in a capacitor?,What is the reason behind the reactance of a capacitor?,What is reactance inch a capacitor?,3.849330186843872,0.72240144,0.8260409
Why is Saltwater taffy candy imported in Australia?,Why is saltwater taffy candy imported in Austria?,Why is Saltwater taffy candy imported inch Australia?,3.819410562515259,0.89506185,0.9615173
Which are the best part-time jobs to do in Bangalore?,What are the best part time jobs we can do in Bangalore?,Which are the best part-time jobs to necessary_blawn inch Bangalore?,7.868719577789307,0.9149698,0.91634536
How do I become an attractive girl?,How do you become pretty/attractive?,How necessary_blawn one turn an attractive girl?,11.625712156295776,0.59583616,0.6674638
What are some of the best music albums ever?,What is regarded as the best music album?,What are some connected the best music albums ever?,3.77250075340271,0.81754494,0.90763736
"Realistically speaking, what would happen to the USA if Donald Trump wins Presidency in the 2016 elections?",Why is Donald Trump supported so much? What will happen if he wins the election?,"Realistically speaking, what would happen to the USA if Donald Trump wins Presidency inch the 2016 elections?",3.837092161178589,0.6278034,0.9820951
What's it like to be a non-smoking mother of smoking children?,What's it like to be non-smoking mother of the smoking children?,What's it probably to were a non-smoking aunt connected smoking children?,15.818372011184692,0.75006413,0.7353136
"How comfortably can I live in Washington DC on a $80,000 salary?","Can I live comfortably in DC on $80,000 - $114,000 salary?","How comfortably can one experience inch Washington DC into a $80,000 salary?",15.772075414657593,0.82492244,0.9257193
How do you find out if a girl has a boyfriend?,How do I tell if a girl has a boyfriend?,How necessary_blawn write_legibly uncover forbidden if a girl has a boyfriend?,15.76029372215271,0.45471808,0.49763656
How could I gain weight in a healthy way?,How can I gain healthy weight and mass?,How could one gain weight inch a helping way?,11.552948236465454,0.7081694,0.78416073
How do I know if my spouse is my soulmate?,How can I know that he is my soulmate?,How necessary_blawn one king if my spouse is my soulmate?,11.625300884246826,0.42824322,0.5663435
How do I get to be a people person?,How should I be a people person?,How necessary_blawn one drive to were a people person?,15.46156096458435,0.44348028,0.4259377
How does a long distance relationship work?,Do long distance relationships work?,How does a far distance relationship work?,3.9764177799224854,0.7942184,0.89004445
HOw do I speak Fluent English?,How can I understand english?,HOw necessary_blawn one birdsong Fluent English?,11.841857671737671,0.52520734,0.5845082
Where can I find a hacker for good cause?,Where can I find a good hacker?,Where can one uncover a hacker for well cause?,12.02065920829773,0.75338835,0.84734976
What can I do to get a job at Microsoft?,How do I get job in Google or Microsoft?,What can one necessary_blawn to drive a job at Microsoft?,16.265282154083252,0.5278679,0.6977429
Is it physically possible to travel back in time?,Is it possible to travel back or forward in time?,Is it physically possible to travel back inch time?,3.895029306411743,0.8344213,0.88012946
How do I recover deleted messages in Facebook?,How do I recover deleted Facebook messages?,How necessary_blawn one recover deleted messages inch Facebook?,11.906364917755127,0.825258,0.80001587
Life can be boring. What to do?,My life is boring. What can I do?,lifespan can were boring. What to do?,7.587264060974121,0.6245517,0.6919661
What would be a cool way to commit suicide?,What can be the most insane ways to commit suicide?,What would were a objective way to commit suicide?,7.768049001693726,0.7565006,0.82024133
Could we use cherenkov atmosphere radiation (with gamma rays or similar) to image the surface of a planet from here with ground based telescopes?,Can we map the surface (and the subsurface) of a planet using cosmic rays or very high frequency gamma rays with ground based telescopes?,Could we utilized cherenkov atmosphere radiation (with gamma rays or similar) to image the surface connected a planet inthe here write_legibly ground based telescopes?,15.381799221038818,0.7505278,0.97157955
